{"cameraMode":{"drawMode":0,"name":"Shaded","section":"Shading Mode"},"sceneLighting":false,"audioPlay":false,"sceneViewState":{"m_AlwaysRefresh":false,"showFog":true,"showSkybox":true,"showFlares":true,"showImageEffects":true,"showParticleSystems":true,"showVisualEffectGraphs":true,"m_FxEnabled":true},"in2DMode":false,"pivot":{"x":38.750633239746097,"y":6.554849624633789,"z":88.89771270751953},"rotation":{"x":0.18256355822086335,"y":-0.39599165320396426,"z":0.08065785467624664,"w":0.8963018655776978},"size":9.049809455871582,"orthographic":true}